,wd,ws,yaw_angles_opt,ai_opt,freq_val,yaw_000,yaw_001,yaw_002,yaw_003,yaw_004,yaw_005,yaw_006,yaw_007,yaw_008,ai_000,ai_001,ai_002,ai_003,ai_004,ai_005,ai_006,ai_007,ai_008
0,250,8.0,[0. 0. 0. 0. 0. 0. 0. 0. 0.],[0.297 0.297 0.33  0.297 0.297 0.33  0.33  0.33  0.33 ],0.0004889577051585073,0.0,0.0,0.0,0.0,0.0,0.0,0.0,0.0,0.0,0.29700000000000004,0.29700000000000004,0.33,0.29700000000000004,0.29700000000000004,0.33,0.33,0.33,0.33
1,250,8.5,[0. 0. 0. 0. 0. 0. 0. 0. 0.],[0.297 0.297 0.33  0.297 0.297 0.33  0.33  0.33  0.32 ],0.0005134055904164426,0.0,0.0,0.0,0.0,0.0,0.0,0.0,0.0,0.0,0.29700000000000004,0.29700000000000004,0.33,0.29700000000000004,0.29700000000000004,0.33,0.33,0.33,0.32
2,250,9.0,[0. 0. 0. 0. 0. 0. 0. 0. 0.],[0.297 0.297 0.33  0.297 0.297 0.33  0.33  0.33  0.33 ],0.000537853475674378,0.0,0.0,0.0,0.0,0.0,0.0,0.0,0.0,0.0,0.29700000000000004,0.29700000000000004,0.33,0.29700000000000004,0.29700000000000004,0.33,0.33,0.33,0.33
3,250,9.5,[0. 0. 0. 0. 0. 0. 0. 0. 0.],[0.297 0.297 0.33  0.297 0.297 0.33  0.33  0.33  0.32 ],0.000472659114986567,0.0,0.0,0.0,0.0,0.0,0.0,0.0,0.0,0.0,0.29700000000000004,0.29700000000000004,0.33,0.29700000000000004,0.29700000000000004,0.33,0.33,0.33,0.32
4,250,10.0,[0. 0. 0. 0. 0. 0. 0. 0. 0.],[0.297 0.297 0.33  0.297 0.297 0.33  0.33  0.33  0.33 ],0.000407464754298756,0.0,0.0,0.0,0.0,0.0,0.0,0.0,0.0,0.0,0.29700000000000004,0.29700000000000004,0.33,0.29700000000000004,0.29700000000000004,0.33,0.33,0.33,0.33
5,250,10.5,[0. 0. 0. 0. 0. 0. 0. 0. 0.],[0.297 0.297 0.33  0.297 0.297 0.33  0.33  0.33  0.32 ],0.00034227039361094504,0.0,0.0,0.0,0.0,0.0,0.0,0.0,0.0,0.0,0.29700000000000004,0.29700000000000004,0.33,0.29700000000000004,0.29700000000000004,0.33,0.33,0.33,0.32
6,250,11.0,[0. 0. 0. 0. 0. 0. 0. 0. 0.],"[0.31121245 0.31121245 0.33       0.31121245 0.2903374  0.33
 0.33       0.33       0.33      ]",0.00027707603292313407,0.0,0.0,0.0,0.0,0.0,0.0,0.0,0.0,0.0,0.3112124538738142,0.3112124538738142,0.33,0.3112124538738142,0.29033740262249663,0.33,0.33,0.33,0.33
7,250,11.5,[0. 0. 0. 0. 0. 0. 0. 0. 0.],"[0.31121245 0.31121245 0.33       0.31121245 0.2903374  0.33
 0.33       0.33       0.32      ]",0.0002526281476651987,0.0,0.0,0.0,0.0,0.0,0.0,0.0,0.0,0.0,0.3112124538738142,0.3112124538738142,0.33,0.3112124538738142,0.29033740262249663,0.33,0.33,0.33,0.32
8,250,12.0,[0. 0. 0. 0. 0. 0. 0. 0. 0.],"[0.31121245 0.31121245 0.33       0.31121245 0.2903374  0.33
 0.33       0.33       0.33      ]",0.00022818026240726337,0.0,0.0,0.0,0.0,0.0,0.0,0.0,0.0,0.0,0.3112124538738142,0.3112124538738142,0.33,0.3112124538738142,0.29033740262249663,0.33,0.33,0.33,0.33
9,250,12.5,[0. 0. 0. 0. 0. 0. 0. 0. 0.],"[0.31162642 0.30435512 0.33       0.31162642 0.28394004 0.33
 0.33       0.33       0.32022034]",0.0001466873115475337,0.0,0.0,0.0,0.0,0.0,0.0,0.0,0.0,0.0,0.3116264233577788,0.30435512093271533,0.33,0.3116264233577788,0.28394003577469185,0.33,0.33,0.33,0.3202203424977292
10,250,13.0,[0. 0. 0. 0. 0. 0. 0. 0. 0.],"[0.31162642 0.30435512 0.33       0.31162642 0.28394004 0.33
 0.33       0.33       0.31022034]",6.5194360687804e-05,0.0,0.0,0.0,0.0,0.0,0.0,0.0,0.0,0.0,0.3116264233577788,0.30435512093271533,0.33,0.3116264233577788,0.28394003577469185,0.33,0.33,0.33,0.3102203424977292
11,250,13.5,[0. 0. 0. 0. 0. 0. 0. 0. 0.],"[0.31162642 0.30435512 0.33       0.31162642 0.28394004 0.33
 0.33       0.33       0.32022034]",4.8895770515853004e-05,0.0,0.0,0.0,0.0,0.0,0.0,0.0,0.0,0.0,0.3116264233577788,0.30435512093271533,0.33,0.3116264233577788,0.28394003577469185,0.33,0.33,0.33,0.3202203424977292
12,250,14.0,[0. 0. 0. 0. 0. 0. 0. 0. 0.],"[0.31162642 0.30435512 0.33       0.31162642 0.28394004 0.33
 0.33       0.33       0.31022034]",3.2597180343902e-05,0.0,0.0,0.0,0.0,0.0,0.0,0.0,0.0,0.0,0.3116264233577788,0.30435512093271533,0.33,0.3116264233577788,0.28394003577469185,0.33,0.33,0.33,0.3102203424977292
13,250,14.5,[0. 0. 0. 0. 0. 0. 0. 0. 0.],"[0.31162642 0.30435512 0.33       0.31162642 0.28394004 0.33
 0.33       0.33       0.32022034]",1.6298590171951e-05,0.0,0.0,0.0,0.0,0.0,0.0,0.0,0.0,0.0,0.31162642265929097,0.3043551202505256,0.33,0.3116264233989618,0.283940035138261,0.33,0.33,0.33,0.3202203425196496
14,250,15.0,[0. 0. 0. 0. 0. 0. 0. 0. 0.],"[0.31162642 0.30435512 0.33       0.31162642 0.28394004 0.33
 0.33       0.33       0.32022034]",0.0,0.0,0.0,0.0,0.0,0.0,0.0,0.0,0.0,0.0,0.31162642265929097,0.3043551202505256,0.33,0.3116264233989618,0.283940035138261,0.33,0.33,0.33,0.3202203425196496
15,250,15.5,[0. 0. 0. 0. 0. 0. 0. 0. 0.],"[0.31162642 0.30435512 0.33       0.31162642 0.28394003 0.33
 0.33       0.33       0.31022034]",0.0,0.0,0.0,0.0,0.0,0.0,0.0,0.0,0.0,0.0,0.3116264206487038,0.3043551182868522,0.33,0.3116264235175065,0.283940033306304,0.33,0.33,0.33,0.3102203426472663
16,255,8.0,"[2.00000000e+01 1.38354401e+01 8.01178304e-13 1.99999961e+01
 2.00000000e+01 6.16915361e-13 3.23881365e-13 2.06702874e-13
 2.08420184e-13]","[0.31162642 0.30435512 0.33       0.31162642 0.28394003 0.33
 0.33       0.33       0.31022034]",0.0007171379675657706,19.99999999969338,13.835440088596256,8.011783042940812e-13,19.999996112045572,19.999999999956614,6.169153607877856e-13,3.238813645183304e-13,2.0670287377303721e-13,2.084201838681773e-13,0.3116264206487038,0.3043551182868522,0.33,0.3116264235175065,0.283940033306304,0.33,0.33,0.33,0.3102203426472663
17,255,8.5,"[2.00000000e+01 1.38341911e+01 3.50099067e-12 1.99999961e+01
 2.00000000e+01 2.70023208e-12 1.41666766e-12 9.03102696e-13
 9.12025595e-13]",[0.33 0.33 0.33 0.33 0.33 0.33 0.33 0.33 0.33],0.0005948985412761439,19.999999998654598,13.834191078776978,3.500990669448056e-12,19.99999611313636,19.999999999803386,2.7002320763439796e-12,1.4166676590171614e-12,9.031026962479718e-13,9.120255947250272e-13,0.33,0.33,0.33,0.33,0.33,0.33,0.33,0.33,0.33
18,255,9.0,"[20.         13.51895552  0.         20.         20.          0.
  0.          0.          0.        ]",[0.33 0.33 0.33 0.33 0.33 0.33 0.33 0.33 0.32],0.000472659114986517,20.0,13.518955515609491,0.0,20.0,20.0,0.0,0.0,0.0,0.0,0.33,0.33,0.33,0.33,0.33,0.33,0.33,0.33,0.32
19,255,9.5,"[20.         13.51895552  0.         20.         20.          0.
  0.          0.          0.        ]","[0.33       0.31590278 0.33       0.33       0.31590278 0.33
 0.33       0.33       0.33      ]",0.0005134055904163926,20.0,13.518955515609491,0.0,20.0,20.0,0.0,0.0,0.0,0.0,0.33,0.31590278038992414,0.33,0.33,0.31590278038992414,0.33,0.33,0.33,0.33
20,255,10.0,"[20.         13.20949707  0.         20.         20.          0.
  0.          0.          0.        ]","[0.33       0.31590278 0.33       0.33       0.31590278 0.33
 0.33       0.33       0.32      ]",0.0005541520658462681,20.0,13.209497072477152,0.0,20.0,20.0,0.0,0.0,0.0,0.0,0.33,0.31590278038992414,0.33,0.33,0.31590278038992414,0.33,0.33,0.33,0.32
21,255,10.5,"[2.00000000e+01 1.32094971e+01 4.24746300e-17 2.00000000e+01
 2.00000000e+01 3.62850869e-17 1.65105014e-17 1.05223585e-17
 1.06388756e-17]","[0.33       0.31590278 0.33       0.33       0.31590278 0.33
 0.33       0.33       0.33      ]",0.0004482112297285816,19.999999999999982,13.209497071927261,4.247463003537179e-17,20.0,19.999999999999996,3.6285086935095045e-17,1.6510501410493823e-17,1.0522358540043803e-17,1.0638875558299793e-17,0.33,0.31590278038992414,0.33,0.33,0.31590278038992414,0.33,0.33,0.33,0.33
22,255,11.0,"[2.00000000e+01 1.32094971e+01 4.24746300e-17 2.00000000e+01
 2.00000000e+01 3.62850869e-17 1.65105014e-17 1.05223585e-17
 1.06388756e-17]","[0.33       0.31590278 0.33       0.33       0.31590278 0.33
 0.33       0.33       0.32      ]",0.00034227039361089506,19.999999999999982,13.209497071927261,4.247463003537179e-17,20.0,19.999999999999996,3.6285086935095045e-17,1.6510501410493823e-17,1.0522358540043803e-17,1.0638875558299793e-17,0.33,0.31590278038992414,0.33,0.33,0.31590278038992414,0.33,0.33,0.33,0.32
23,255,11.5,"[2.00000000e+01 1.32094971e+01 4.24746300e-17 2.00000000e+01
 2.00000000e+01 3.62850869e-17 1.65105014e-17 1.05223585e-17
 1.06388756e-17]","[0.33       0.31590278 0.33       0.33       0.31590278 0.33
 0.33       0.33       0.33      ]",0.0002852253280090792,19.999999999999982,13.209497071927261,4.247463003537179e-17,20.0,19.999999999999996,3.6285086935095045e-17,1.6510501410493823e-17,1.0522358540043803e-17,1.0638875558299793e-17,0.33,0.31590278038992414,0.33,0.33,0.31590278038992414,0.33,0.33,0.33,0.33
24,255,12.0,"[2.00000000e+01 1.32094971e+01 4.24746300e-17 2.00000000e+01
 2.00000000e+01 3.62850869e-17 1.65105014e-17 1.05223585e-17
 1.06388756e-17]","[0.33       0.31590278 0.33       0.33       0.31590278 0.33
 0.33       0.33       0.32      ]",0.00022818026240726337,19.999999999999982,13.209497071927261,4.247463003537179e-17,20.0,19.999999999999996,3.6285086935095045e-17,1.6510501410493823e-17,1.0522358540043803e-17,1.0638875558299793e-17,0.33,0.31590278038992414,0.33,0.33,0.31590278038992414,0.33,0.33,0.33,0.32
25,255,12.5,"[2.00000000e+01 1.32094971e+01 4.24746300e-17 2.00000000e+01
 2.00000000e+01 3.62850869e-17 1.65105014e-17 1.05223585e-17
 1.06388756e-17]","[0.33       0.31590278 0.33       0.33       0.31590278 0.33
 0.33       0.33       0.33      ]",0.00016298590171948468,19.999999999999982,13.209497071634049,4.247463002865977e-17,20.0,19.999999999999996,3.628508692936112e-17,1.651050140788476e-17,1.0522358538381015e-17,1.0638875556618592e-17,0.33,0.31590278038992414,0.33,0.33,0.31590278038992414,0.33,0.33,0.33,0.33
26,255,13.0,"[2.00000000e+01 1.32094971e+01 4.24746300e-17 2.00000000e+01
 2.00000000e+01 3.62850869e-17 1.65105014e-17 1.05223585e-17
 1.06388756e-17]","[0.33       0.31590278 0.33       0.33       0.31590278 0.33
 0.33       0.33       0.32      ]",9.779154103170601e-05,19.999999999999982,13.209497071634049,4.247463002865977e-17,20.0,19.999999999999996,3.628508692936112e-17,1.651050140788476e-17,1.0522358538381015e-17,1.0638875556618592e-17,0.33,0.31590278038992414,0.33,0.33,0.31590278038992414,0.33,0.33,0.33,0.32
27,255,13.5,"[2.00000000e+01 1.32094971e+01 4.24746300e-17 2.00000000e+01
 2.00000000e+01 3.62850869e-17 1.65105014e-17 1.05223585e-17
 1.06388756e-17]","[0.33       0.31590278 0.33       0.33       0.31590278 0.33
 0.33       0.33       0.33      ]",7.334365577377951e-05,19.999999999999982,13.20949707140031,4.2474630024412307e-17,20.0,19.999999999999996,3.628508692573261e-17,1.6510501406233713e-17,1.0522358537328779e-17,1.0638875555554703e-17,0.33,0.31590278038992414,0.33,0.33,0.31590278038992414,0.33,0.33,0.33,0.33
28,255,14.0,"[1.99999042e+01 1.32087353e+01 2.44542145e-07 1.97089030e+01
 1.99999861e+01 2.08611830e-07 9.50195671e-08 6.08054150e-08
 6.11479276e-08]","[0.33       0.31590278 0.33       0.33       0.31590278 0.33
 0.33       0.33       0.32      ]",4.8895770515853004e-05,19.999904249650317,13.208735294599556,2.445421450980961e-07,19.70890302160157,19.999986134917673,2.0861182997104114e-07,9.501956714291389e-08,6.080541496699989e-08,6.114792761341283e-08,0.33,0.31590278038992414,0.33,0.33,0.31590278038992414,0.33,0.33,0.33,0.32
29,255,14.5,"[1.99999060e+01 1.32063445e+01 2.39981184e-07 1.97088060e+01
 1.99999864e+01 2.04721011e-07 9.32473556e-08 5.96713203e-08
 6.00074597e-08]","[0.33       0.31590278 0.33       0.33       0.31590278 0.33
 0.33       0.33       0.33      ]",2.4447885257926502e-05,19.99990603548622,13.206344457528143,2.3998118429813195e-07,19.708806010162753,19.99998639353035,2.0472101078828937e-07,9.324735557600595e-08,5.967132033540759e-08,6.00074597039707e-08,0.33,0.31590278038992414,0.33,0.33,0.31590278038992414,0.33,0.33,0.33,0.33
30,255,15.0,"[20.         13.21237362  0.         19.70499964 20.          0.
  0.          0.          0.        ]","[0.33       0.31590278 0.33       0.33       0.31590278 0.33
 0.33       0.33       0.32      ]",0.0,20.0,13.212373616931831,0.0,19.704999643491497,20.0,0.0,0.0,0.0,0.0,0.33,0.31590278038992414,0.33,0.33,0.31590278038992414,0.33,0.33,0.33,0.32
31,255,15.5,"[1.99997861e+01 1.32111580e+01 5.50115374e-07 1.92492615e+01
 1.99999699e+01 4.69720810e-07 2.13826859e-07 1.36309408e-07
 1.37835114e-07]","[0.33       0.31590278 0.33       0.33       0.31590278 0.33
 0.33       0.33       0.33      ]",1.6298590171951e-05,19.99978610745411,13.211158048294049,5.501153740525304e-07,19.249261466895884,19.99996994155479,4.697208100188092e-07,2.1382685900779254e-07,1.3630940797909957e-07,1.3783511449973894e-07,0.33,0.31590278038992414,0.33,0.33,0.31590278038992414,0.33,0.33,0.33,0.33
32,260,8.0,"[3.63841903e+00 5.44221415e+00 2.41504407e-07 1.66595889e+00
 7.39943360e+00 1.40040221e-07 3.41782280e-10 2.20732031e-10
 2.71973294e-10]","[0.297     0.2843125 0.33      0.297     0.2843125 0.33      0.33
 0.33      0.321    ]",0.000537853475674378,3.6384190256289206,5.442214152303927,2.4150440708174004e-07,1.665958891963178,7.39943360004596,1.4004022148078835e-07,3.417822796899889e-10,2.207320314813632e-10,2.7197329386719884e-10,0.29700000000000004,0.28431250235093175,0.33,0.29700000000000004,0.28431250235093175,0.33,0.33,0.33,0.321
33,260,8.5,"[3.71094952e+00 5.65704607e+00 1.36075635e-06 2.23075820e+00
 7.29884580e+00 7.35453249e-07 1.81354478e-09 1.18750867e-09
 1.43111347e-09]","[0.297     0.2843125 0.33      0.297     0.2843125 0.33      0.33
 0.33      0.311    ]",0.0004808084100725121,3.7109495199687093,5.657046072760801,1.3607563546768448e-06,2.23075820202621,7.29884580127045,7.35453248899533e-07,1.813544782564688e-09,1.1875086730106455e-09,1.4311134652713664e-09,0.29700000000000004,0.28431250235093175,0.33,0.29700000000000004,0.28431250235093175,0.33,0.33,0.33,0.311
34,260,9.0,"[3.70955971e+00 5.65297155e+00 1.45128970e-06 2.22734109e+00
 7.31583920e+00 7.83920010e-07 1.93296212e-09 1.26601743e-09
 1.52545949e-09]","[0.297     0.2843125 0.33      0.297     0.2843125 0.33      0.33
 0.33      0.321    ]",0.00042376334447064625,3.7095597141619905,5.652971550035712,1.4512897039340785e-06,2.2273410877361304,7.3158391992136,7.839200096490014e-07,1.932962124670949e-09,1.2660174293270417e-09,1.5254594870191031e-09,0.29700000000000004,0.28431250235093175,0.33,0.29700000000000004,0.28431250235093175,0.33,0.33,0.33,0.321
35,260,9.5,"[3.71442574e+00 5.65420024e+00 1.52651919e-06 2.22836038e+00
 7.29666998e+00 8.24083844e-07 2.03217149e-09 1.33124546e-09
 1.60364266e-09]","[0.297     0.2843125 0.33      0.297     0.2843125 0.33      0.33
 0.33      0.311    ]",0.00042376334447064625,3.714425739371115,5.654200237771092,1.526519185542488e-06,2.228360384054703,7.296669979875351,8.240838438088152e-07,2.0321714882163623e-09,1.331245456601837e-09,1.6036426562928252e-09,0.29700000000000004,0.28431250235093175,0.33,0.29700000000000004,0.28431250235093175,0.33,0.33,0.33,0.311
36,260,10.0,"[3.70706165e+00 5.65424607e+00 1.55571923e-06 2.23106448e+00
 7.31640757e+00 8.39704095e-07 2.07065581e-09 1.35655244e-09
 1.63405054e-09]","[0.297     0.2843125 0.33      0.297     0.2843125 0.33      0.33
 0.33      0.321    ]",0.00042376334447064625,3.7070616524152236,5.65424607041522,1.5557192301201187e-06,2.2310644846710397,7.316407571330556,8.397040947654874e-07,2.0706558120473528e-09,1.3565524398515014e-09,1.634050541584737e-09,0.29700000000000004,0.28431250235093175,0.33,0.29700000000000004,0.28431250235093175,0.33,0.33,0.33,0.321
37,260,10.5,"[3.71091823e+00 5.65719856e+00 2.06662733e-06 2.22656459e+00
 7.30160154e+00 1.11264040e-06 2.74473516e-09 1.79967670e-09
 2.16532745e-09]","[0.297     0.2843125 0.33      0.297     0.2843125 0.33      0.33
 0.33      0.311    ]",0.0003178225083529597,3.710918231134632,5.657198561718365,2.0666273275732604e-06,2.22656459388628,7.3016015365401215,1.1126403958435165e-06,2.744735162191678e-09,1.7996767039064396e-09,2.1653274530940856e-09,0.29700000000000004,0.28431250235093175,0.33,0.29700000000000004,0.28431250235093175,0.33,0.33,0.33,0.311
38,260,11.0,"[3.70972262e+00 5.65344305e+00 2.08309140e-06 2.22699089e+00
 7.31681828e+00 1.12144335e-06 2.76642083e-09 1.81393961e-09
 2.18246465e-09]","[0.297     0.2843125 0.33      0.297     0.2843125 0.33      0.33
 0.33      0.321    ]",0.00021188167223527312,3.7097226162571433,5.653443053880968,2.0830913994001174e-06,2.226990892348337,7.3168182815335765,1.121443351708085e-06,2.766420834958625e-09,1.8139396087046874e-09,2.182464654489417e-09,0.29700000000000004,0.28431250235093175,0.33,0.29700000000000004,0.28431250235093175,0.33,0.33,0.33,0.321
39,260,11.5,"[3.71179615e+00 5.65480366e+00 3.31306798e-06 2.22756536e+00
 7.29803344e+00 1.77853195e-06 4.38928473e-09 2.88070594e-09
 3.46151005e-09]","[0.297     0.2843125 0.33      0.297     0.2843125 0.33      0.33
 0.33      0.311    ]",0.00017928449189139262,3.711796150653904,5.654803661762728,3.313067979030665e-06,2.227565361873222,7.298033437066974,1.778531946488128e-06,4.389284726719242e-09,2.880705943664043e-09,3.4615100485238325e-09,0.29700000000000004,0.28431250235093175,0.33,0.29700000000000004,0.28431250235093175,0.33,0.33,0.33,0.311
40,260,12.0,"[3.71087457e+00 5.65687607e+00 3.70552731e-06 2.23261581e+00
 7.31911997e+00 1.98870406e-06 4.90707345e-09 3.22109793e-09
 3.87061788e-09]","[0.28629786 0.28595881 0.33       0.29818913 0.28595881 0.33
 0.33       0.33       0.32132431]",0.00014668731154751215,3.7108745728040295,5.656876067864099,3.7055273119597887e-06,2.2326158061063577,7.319119969775932,1.9887040554986497e-06,4.907073445060844e-09,3.2210979265981147e-09,3.870617875952686e-09,0.2862978617005514,0.2859588118404808,0.33,0.29818912647771656,0.2859588118404808,0.33,0.33,0.33,0.3213243072211954
41,260,12.5,"[3.78415314 5.72660334 0.         2.3614148  7.16837366 0.
 0.         0.         0.        ]","[0.28629786 0.28595881 0.33       0.29818913 0.28595881 0.33
 0.33       0.33       0.31132431]",0.00014668731154751215,3.784153144219933,5.7266033409608506,0.0,2.3614148034369298,7.16837366251901,0.0,0.0,0.0,0.0,0.2862978617005514,0.2859588118404808,0.33,0.29818912647771656,0.2859588118404808,0.33,0.33,0.33,0.3113243072211954
42,260,13.0,"[3.78563918e+00 5.72954965e+00 1.29481599e-06 2.36350798e+00
 7.18540230e+00 6.72711205e-07 1.69988439e-09 1.12298841e-09
 1.33626640e-09]","[0.28629786 0.28595881 0.33       0.29818913 0.28595881 0.33
 0.33       0.33       0.32132431]",0.00014668731154751215,3.785639180663598,5.729549647601087,1.2948159947648543e-06,2.3635079758626114,7.1854023041846276,6.727112054568481e-07,1.6998843853396938e-09,1.1229884099591514e-09,1.3362664019998372e-09,0.2862978617005514,0.2859588118404808,0.33,0.29818912647771656,0.2859588118404808,0.33,0.33,0.33,0.3213243072211954
43,260,13.5,"[3.78724992e+00 5.73091056e+00 2.53400620e-06 2.36595120e+00
 7.17311130e+00 1.31509697e-06 3.32687537e-09 2.19783564e-09
 2.61225943e-09]","[0.28664568 0.28368291 0.33       0.2984423  0.28630933 0.33
 0.33       0.33       0.31147294]",9.779154103168258e-05,3.7872499150968535,5.73091055664914,2.5340061994747454e-06,2.3659511982449364,7.173111300786237,1.3150969653034053e-06,3.326875369764051e-09,2.1978356430760195e-09,2.612259428499688e-09,0.2866456799835962,0.28368291169403087,0.33,0.2984423040987946,0.28630932856677765,0.33,0.33,0.33,0.3114729440533908
44,260,14.0,"[3.80300565e+00 5.71833200e+00 4.34587014e-06 2.35631202e+00
 7.20333623e+00 2.25648786e-06 5.69716090e-09 3.76318270e-09
 4.47711988e-09]","[0.29199856 0.28989286 0.33       0.3036443  0.29894816 0.33
 0.33       0.33       0.32393965]",4.8895770515853004e-05,3.803005647212861,5.718332003434849,4.345870144010319e-06,2.356312015371629,7.203336228047295,2.256487864108827e-06,5.697160902493763e-09,3.763182696491479e-09,4.477119877502878e-09,0.29199856355061526,0.28989286427115707,0.33,0.30364430127439646,0.29894815714073936,0.33,0.33,0.33,0.3239396490687737
45,260,14.5,"[3.85380342e+00 5.67311241e+00 2.24907683e-04 2.25431719e+00
 7.29143403e+00 1.18113627e-04 2.98283398e-07 1.96177305e-07
 2.34654246e-07]","[0.29199789 0.28989219 0.33       0.3036436  0.29894823 0.33
 0.33       0.33       0.32393966]",3.2597180343902e-05,3.8538034229553437,5.673112405367987,0.0002249076832637505,2.254317188475396,7.291434027719209,0.0001181136267866952,2.9828339836403934e-07,1.961773053642202e-07,2.3465424556582634e-07,0.29199788912041136,0.28989219470449484,0.33,0.3036435999459874,0.29894822886130007,0.33,0.33,0.33,0.32393966306638955
46,260,15.0,"[3.85463704e+00 5.67460611e+00 2.26355715e-04 2.25300284e+00
 7.27831693e+00 1.18872025e-04 3.00204981e-07 1.97439507e-07
 2.36161215e-07]","[0.29197836 0.2898728  0.33       0.30364169 0.29895031 0.33
 0.33       0.33       0.31394074]",1.6298590171951e-05,3.854637041121928,5.674606114508886,0.00022635571461108485,2.253002840595572,7.278316925303195,0.0001188720251371546,3.002049810745163e-07,1.9743950682269786e-07,2.3616121471676958e-07,0.2919783583948244,0.2898728048215008,0.33,0.30364169178883854,0.29895030580652354,0.33,0.33,0.33,0.3139407372865986
47,260,15.5,"[3.85078237e+00 5.66893146e+00 2.26129357e-04 2.25074982e+00
 7.29103857e+00 1.18753152e-04 2.99904774e-07 1.97242066e-07
 2.35925052e-07]","[0.29197706 0.28987151 0.33       0.30364034 0.29895044 0.33
 0.33       0.33       0.32394076]",1.6298590171951e-05,3.8507823745982073,5.668931464991562,0.00022612935716516118,2.250749820522652,7.291038572484936,0.00011875315220280854,2.9990477379728303e-07,1.9724206580573213e-07,2.3592505169574155e-07,0.29197705590835177,0.2898715117276937,0.33,0.3036403372733935,0.29895044431612705,0.33,0.33,0.33,0.32394076431636804
48,265,8.0,[0. 0. 0. 0. 0. 0. 0. 0. 0.],"[0.29197706 0.28987151 0.33       0.30364034 0.29895044 0.33
 0.33       0.33       0.31394076]",0.0005867492461901487,0.0,0.0,0.0,0.0,0.0,0.0,0.0,0.0,0.0,0.29197705590835177,0.2898715117276937,0.33,0.3036403372733935,0.29895044431612705,0.33,0.33,0.33,0.313940764316368
49,265,8.5,[0. 0. 0. 0. 0. 0. 0. 0. 0.],[0.33 0.33 0.33 0.33 0.33 0.33 0.33 0.33 0.33],0.0005134055904163926,0.0,0.0,0.0,0.0,0.0,0.0,0.0,0.0,0.0,0.33,0.33,0.33,0.33,0.33,0.33,0.33,0.33,0.33
50,265,9.0,[0. 0. 0. 0. 0. 0. 0. 0. 0.],[0.33 0.33 0.33 0.33 0.33 0.33 0.33 0.33 0.32],0.0004400619346426365,0.0,0.0,0.0,0.0,0.0,0.0,0.0,0.0,0.0,0.33,0.33,0.33,0.33,0.33,0.33,0.33,0.33,0.32
51,265,9.5,[0. 0. 0. 0. 0. 0. 0. 0. 0.],[0.33  0.33  0.297 0.297 0.33  0.297 0.33  0.33  0.33 ],0.00039116616412676576,0.0,0.0,0.0,0.0,0.0,0.0,0.0,0.0,0.0,0.33,0.33,0.29700000000000004,0.29700000000000004,0.33,0.29700000000000004,0.33,0.33,0.33
52,265,10.0,[0. 0. 0. 0. 0. 0. 0. 0. 0.],[0.33  0.33  0.297 0.297 0.33  0.297 0.33  0.33  0.32 ],0.00034227039361089506,0.0,0.0,0.0,0.0,0.0,0.0,0.0,0.0,0.0,0.33,0.33,0.29700000000000004,0.29700000000000004,0.33,0.29700000000000004,0.33,0.33,0.32
53,265,10.5,[0. 0. 0. 0. 0. 0. 0. 0. 0.],[0.33  0.33  0.297 0.297 0.33  0.297 0.33  0.33  0.33 ],0.00030967321326701456,0.0,0.0,0.0,0.0,0.0,0.0,0.0,0.0,0.0,0.33,0.33,0.29700000000000004,0.29700000000000004,0.33,0.29700000000000004,0.33,0.33,0.33
54,265,11.0,[0. 0. 0. 0. 0. 0. 0. 0. 0.],"[0.33       0.33       0.31270337 0.31270337 0.33       0.31270337
 0.33       0.33       0.3247586 ]",0.00027707603292313407,0.0,0.0,0.0,0.0,0.0,0.0,0.0,0.0,0.0,0.33,0.33,0.31270336657732845,0.31270336657732845,0.33,0.31270336657732845,0.33,0.33,0.32475859593252376
55,265,11.5,[0. 0. 0. 0. 0. 0. 0. 0. 0.],"[0.33       0.33       0.31173824 0.31173824 0.33       0.31173824
 0.33       0.33       0.31480564]",0.00026077744275119385,0.0,0.0,0.0,0.0,0.0,0.0,0.0,0.0,0.0,0.33,0.33,0.3117382383886912,0.3117382383886912,0.33,0.3117382383886912,0.33,0.33,0.3148056370272869
56,265,12.0,[0. 0. 0. 0. 0. 0. 0. 0. 0.],"[0.33       0.33       0.30940432 0.31187496 0.33       0.30940432
 0.33       0.33       0.32484453]",0.00024447885257925363,0.0,0.0,0.0,0.0,0.0,0.0,0.0,0.0,0.0,0.33,0.33,0.30940432239880694,0.3118749602026348,0.33,0.30940432239880694,0.33,0.33,0.32484452608646025
57,265,12.5,[0. 0. 0. 0. 0. 0. 0. 0. 0.],"[0.33       0.33       0.30939692 0.31187539 0.33       0.30939692
 0.33       0.33       0.31484489]",0.0001629859017195043,0.0,0.0,0.0,0.0,0.0,0.0,0.0,0.0,0.0,0.33,0.33,0.3093969241826524,0.31187539359335537,0.33,0.3093969241826524,0.33,0.33,0.31484488847141684
58,265,13.0,[0. 0. 0. 0. 0. 0. 0. 0. 0.],"[0.33       0.33       0.30939692 0.31187539 0.33       0.30939692
 0.33       0.33       0.32484489]",8.1492950859755e-05,0.0,0.0,0.0,0.0,0.0,0.0,0.0,0.0,0.0,0.33,0.33,0.3093969241826524,0.31187539359335537,0.33,0.3093969241826524,0.33,0.33,0.32484488847141685
59,265,13.5,[0. 0. 0. 0. 0. 0. 0. 0. 0.],"[0.33       0.33       0.30939692 0.31187539 0.33       0.30939692
 0.33       0.33       0.31484489]",6.5194360687804e-05,0.0,0.0,0.0,0.0,0.0,0.0,0.0,0.0,0.0,0.33,0.33,0.3093969241826524,0.31187539359335537,0.33,0.3093969241826524,0.33,0.33,0.31484488847141684
60,265,14.0,[0. 0. 0. 0. 0. 0. 0. 0. 0.],"[0.33       0.33       0.30939692 0.31187539 0.33       0.30939692
 0.33       0.33       0.32484489]",4.8895770515853004e-05,0.0,0.0,0.0,0.0,0.0,0.0,0.0,0.0,0.0,0.33,0.33,0.3093969241826524,0.31187539359335537,0.33,0.3093969241826524,0.33,0.33,0.32484488847141685
61,265,14.5,[0. 0. 0. 0. 0. 0. 0. 0. 0.],"[0.33       0.33       0.30938962 0.31187582 0.33       0.30938962
 0.33       0.33       0.31484525]",4.074647542987751e-05,0.0,0.0,0.0,0.0,0.0,0.0,0.0,0.0,0.0,0.33,0.33,0.30938962148206206,0.31187582138873265,0.33,0.30938962148206206,0.33,0.33,0.3148452461777586
62,265,15.0,[0. 0. 0. 0. 0. 0. 0. 0. 0.],"[0.33       0.33       0.30938962 0.31187582 0.33       0.30938962
 0.33       0.33       0.32484525]",3.2597180343902e-05,0.0,0.0,0.0,0.0,0.0,0.0,0.0,0.0,0.0,0.33,0.33,0.30938962148206206,0.31187582138873265,0.33,0.30938962148206206,0.33,0.33,0.3248452461777586
63,265,15.5,[0. 0. 0. 0. 0. 0. 0. 0. 0.],"[0.33       0.33       0.30943689 0.31193698 0.33       0.3083526
 0.33       0.33       0.31489639]",2.4447885257926502e-05,0.0,0.0,0.0,0.0,0.0,0.0,0.0,0.0,0.0,0.33,0.33,0.30943688570285605,0.31193698411781356,0.33,0.30835259741795784,0.33,0.33,0.31489638814243454
64,270,8.0,[20. 20. 20. 20. 20. 20.  0.  0.  0.],"[0.33       0.33       0.3099695  0.30385731 0.32145247 0.3089133
 0.33       0.33       0.32502858]",0.00030967321326701456,20.0,20.0,20.0,20.0,20.0,20.0,0.0,0.0,0.0,0.33,0.33,0.3099695036855037,0.3038573107379354,0.3214524652378098,0.3089133002242643,0.33,0.33,0.32502857995990503
65,270,8.5,[20. 20. 20. 20. 20. 20.  0.  0.  0.],[0.33 0.33 0.33 0.33 0.33 0.33 0.33 0.33 0.33],0.00030967321326701456,20.0,20.0,20.0,20.0,20.0,20.0,0.0,0.0,0.0,0.33,0.33,0.33,0.33,0.33,0.33,0.33,0.33,0.33
66,270,9.0,[20. 20. 20. 20. 20. 20.  0.  0.  0.],[0.33 0.33 0.33 0.33 0.33 0.33 0.33 0.33 0.32],0.00030967321326701456,20.0,20.0,20.0,20.0,20.0,20.0,0.0,0.0,0.0,0.33,0.33,0.33,0.33,0.33,0.33,0.33,0.33,0.32
67,270,9.5,[20. 20. 20. 20. 20. 20.  0.  0.  0.],"[0.33      0.33      0.33      0.3160763 0.3160763 0.3160763 0.33
 0.33      0.33     ]",0.00030152391818101944,20.0,20.0,20.0,20.0,20.0,20.0,0.0,0.0,0.0,0.33,0.33,0.33,0.3160763001136675,0.3160763001136675,0.3160763001136675,0.33,0.33,0.33
68,270,10.0,[20. 20. 20. 20. 20. 20.  0.  0.  0.],"[0.33       0.33       0.33       0.31552672 0.31552672 0.31552672
 0.33       0.33       0.32001739]",0.0002933746230950243,20.0,20.0,20.0,20.0,20.0,20.0,0.0,0.0,0.0,0.33,0.33,0.33,0.31552671698346857,0.31552671698346857,0.31552671698346857,0.33,0.33,0.3200173876728499
69,270,10.5,[20. 20. 20. 20. 20. 20.  0.  0.  0.],"[0.33       0.33       0.33       0.31552672 0.31552672 0.31552672
 0.33       0.33       0.31001739]",0.0002607774427511438,20.0,20.0,20.0,20.0,20.0,20.0,0.0,0.0,0.0,0.33,0.33,0.33,0.31552671698346857,0.31552671698346857,0.31552671698346857,0.33,0.33,0.31001738767284986
70,270,11.0,[20. 20. 20. 20. 20. 20.  0.  0.  0.],"[0.33       0.33       0.33       0.31549349 0.31549349 0.31549349
 0.33       0.33       0.32001844]",0.00022818026240726337,20.0,20.0,20.0,20.0,20.0,20.0,0.0,0.0,0.0,0.33,0.33,0.33,0.3154934854308,0.3154934854308,0.3154934854308,0.33,0.33,0.32001843905040195
71,270,11.5,[20. 20. 20. 20. 20. 20.  0.  0.  0.],"[0.33       0.33       0.33       0.31549349 0.31549349 0.31549349
 0.33       0.33       0.31001844]",0.00021188167223532315,20.0,20.0,20.0,20.0,20.0,20.0,0.0,0.0,0.0,0.33,0.33,0.33,0.3154934854308,0.3154934854308,0.3154934854308,0.33,0.33,0.31001843905040194
72,270,12.0,[20. 20. 20. 20. 20. 20.  0.  0.  0.],"[0.33       0.33       0.33       0.31549349 0.31549349 0.31549349
 0.33       0.33       0.32001844]",0.0001955830820633829,20.0,20.0,20.0,20.0,20.0,20.0,0.0,0.0,0.0,0.33,0.33,0.33,0.3154934854308,0.3154934854308,0.3154934854308,0.33,0.33,0.32001843905040195
73,270,12.5,[20. 20. 20. 20. 20. 20.  0.  0.  0.],"[0.33       0.33       0.33       0.31549349 0.31549349 0.31549349
 0.33       0.33       0.31001844]",0.0001629859017194524,20.0,20.0,20.0,20.0,20.0,20.0,0.0,0.0,0.0,0.33,0.33,0.33,0.3154934854308,0.3154934854308,0.3154934854308,0.33,0.33,0.31001843905040194
74,270,13.0,[20. 20. 20. 20. 20. 20.  0.  0.  0.],"[0.33       0.33       0.33       0.31549349 0.31549349 0.31549349
 0.33       0.33       0.32001844]",0.0001303887213755219,20.0,20.0,20.0,20.0,20.0,20.0,0.0,0.0,0.0,0.33,0.33,0.33,0.3154934854308,0.3154934854308,0.3154934854308,0.33,0.33,0.32001843905040195
75,270,13.5,[20. 20. 20. 20. 20. 20.  0.  0.  0.],"[0.33       0.33       0.33       0.31549349 0.31549349 0.31549349
 0.33       0.33       0.31001844]",7.334365577373645e-05,20.0,20.0,20.0,20.0,20.0,20.0,0.0,0.0,0.0,0.33,0.33,0.33,0.3154934854308,0.3154934854308,0.3154934854308,0.33,0.33,0.31001843905040194
76,270,14.0,[20. 20. 20. 20. 20. 20.  0.  0.  0.],"[0.33       0.33       0.33       0.31549349 0.31549349 0.31549349
 0.33       0.33       0.32001844]",1.6298590171951e-05,20.0,20.0,20.0,20.0,20.0,20.0,0.0,0.0,0.0,0.33,0.33,0.33,0.3154934854308,0.3154934854308,0.3154934854308,0.33,0.33,0.32001843905040195
77,270,14.5,[20. 20. 20. 20. 20. 20.  0.  0.  0.],"[0.33       0.33       0.33       0.31549349 0.31549349 0.31549349
 0.33       0.33       0.31001844]",8.1492950859755e-06,20.0,20.0,20.0,20.0,20.0,20.0,0.0,0.0,0.0,0.33,0.33,0.33,0.3154934854308,0.3154934854308,0.3154934854308,0.33,0.33,0.31001843905040194
78,270,15.0,[20. 20. 20. 20. 20. 20.  0.  0.  0.],"[0.33       0.33       0.33       0.31543156 0.31543156 0.31543156
 0.33       0.33       0.3200204 ]",0.0,20.0,20.0,20.0,20.0,20.0,20.0,0.0,0.0,0.0,0.33,0.33,0.33,0.3154315552272626,0.3154315552272626,0.3154315552272626,0.33,0.33,0.32002039839387425
79,270,15.5,[20. 20. 20. 20. 20. 20.  0.  0.  0.],"[0.33       0.33       0.33       0.31543156 0.31543156 0.31543156
 0.33       0.33       0.3100204 ]",1.6298590171951e-05,20.0,20.0,20.0,20.0,20.0,20.0,0.0,0.0,0.0,0.33,0.33,0.33,0.3154315552272626,0.3154315552272626,0.3154315552272626,0.33,0.33,0.31002039839387424
80,275,8.0,"[1.00713359e+01 7.87551358e+00 1.14581682e+01 1.00145292e+01
 6.15041814e+00 1.60600296e+01 2.28696658e-22 1.52464439e-22
 2.28696658e-22]","[0.297      0.297      0.297      0.3168884  0.3168884  0.3168884
 0.33       0.33       0.32101836]",0.0003748675739547755,10.071335935496434,7.875513576900989,11.458168244367272,10.014529228348616,6.150418143634509,16.06002955277012,2.286966580405101e-22,1.524644386937089e-22,2.2869665804052157e-22,0.29700000000000004,0.29700000000000004,0.29700000000000004,0.31688839970453636,0.31688839970453636,0.31688839970453636,0.33,0.33,0.32101835855448685
81,275,8.5,"[1.05670355e+01 8.64722902e+00 1.15076173e+01 9.86135627e+00
 6.34293373e+00 1.62031833e+01 6.34473283e-16 5.62927997e-16
 7.06460742e-16]","[0.29700012 0.29700012 0.29699888 0.3168872  0.31688845 0.31688845
 0.33       0.33       0.31101843]",0.0003748675739547755,10.567035535829802,8.647229024073548,11.507617324812871,9.861356269157076,6.3429337331812725,16.20318332921974,6.344732827216605e-16,5.629279968089921e-16,7.064607421579855e-16,0.2970001244918856,0.2970001244918856,0.2969988795730298,0.3168872042489485,0.31688844916780434,0.31688844916780434,0.33,0.33,0.3110184301623758
82,275,9.0,"[1.05685693e+01 8.64819384e+00 1.15105803e+01 9.86263151e+00
 6.34756223e+00 1.62363785e+01 4.50533282e-15 3.87030114e-15
 5.17825263e-15]","[0.29700012 0.29700012 0.29699888 0.3168872  0.31688845 0.31688845
 0.33       0.33       0.32101843]",0.0003748675739547755,10.568569284606056,8.648193843801703,11.510580297680127,9.862631509165324,6.347562231613624,16.236378490183714,4.505332822853595e-15,3.87030113587177e-15,5.178252630075334e-15,0.2970001244918856,0.2970001244918856,0.2969988795730298,0.3168872042489485,0.31688844916780434,0.31688844916780434,0.33,0.33,0.3210184301623758
83,275,9.5,"[1.05692521e+01 8.64844600e+00 1.15075364e+01 9.86309490e+00
 6.34633254e+00 1.62028317e+01 7.00085718e-15 6.00634499e-15
 8.05101980e-15]","[0.31445707 0.30299945 0.30299653 0.32382155 0.32382446 0.32382446
 0.33       0.33       0.32105968]",0.0004808084100724621,10.569252092503806,8.648445998857184,11.507536402261202,9.863094903865054,6.346332542102189,16.20283166075355,7.000857177974426e-15,6.006344990155566e-15,8.05101979661013e-15,0.3144570657594129,0.3029994464117529,0.3029965292702152,0.3238215452469092,0.3238244623884468,0.3238244623884468,0.33,0.33,0.32105968470406016
84,275,10.0,"[1.06949304e+01 8.54899095e+00 1.15345370e+01 9.79684570e+00
 6.18267378e+00 1.62155247e+01 7.02968677e-13 6.00300583e-13
 8.08180694e-13]","[0.31461506 0.30326973 0.29991651 0.32388435 0.32388724 0.32388724
 0.33       0.33       0.31125222]",0.0005867492461901487,10.69493035211788,8.548990953702063,11.534537037091438,9.79684569955564,6.182673783311527,16.215524725058604,7.029686772971167e-13,6.003005834294936e-13,8.081806937566495e-13,0.31461506370904163,0.3032697287810001,0.2999165079888545,0.3238843508386818,0.3238872383267205,0.3238872383267205,0.33,0.33,0.3112522179114815
85,275,10.5,"[1.06916102e+01 8.64760024e+00 1.15383339e+01 9.77999294e+00
 6.21398197e+00 1.62313493e+01 7.10642306e-13 6.06872830e-13
 8.17057879e-13]","[0.31461507 0.30326964 0.29991642 0.32388435 0.32388724 0.32388724
 0.33       0.33       0.31125222]",0.0005052562953303974,10.691610206493372,8.647600235170897,11.538333903784808,9.779992942002854,6.213981973656139,16.23134926762519,7.106423064872278e-13,6.068728302075814e-13,8.17057879017332e-13,0.31461506809544093,0.303269642315766,0.29991642247965716,0.32388435258231457,0.32388724006953,0.32388724006953,0.33,0.33,0.31125222325666174
86,275,11.0,"[1.06918251e+01 8.64916890e+00 1.15404553e+01 9.78204504e+00
 6.21892315e+00 1.62564086e+01 8.05632322e-13 6.88198333e-13
 9.26929811e-13]","[0.31461507 0.30326962 0.2999164  0.32388435 0.32388724 0.32388724
 0.33       0.33       0.32125222]",0.00042376334447064625,10.691825148622232,8.649168900671825,11.540455265870808,9.782045044420501,6.218923148059232,16.256408619289154,8.056323221453857e-13,6.881983331410799e-13,9.269298113543145e-13,0.3146150693550769,0.30326961748567,0.29991639792410485,0.32388435308303104,0.3238872405700101,0.3238872405700101,0.33,0.33,0.3212522239728829
87,275,11.5,"[1.06927326e+01 8.64878658e+00 1.15398007e+01 9.78157482e+00
 6.21692535e+00 1.62575950e+01 8.05374529e-13 6.87978120e-13
 9.26633207e-13]","[0.31461507 0.30326959 0.29991637 0.32388435 0.32388724 0.32388724
 0.33       0.33       0.32125222]",0.00035041968869689013,10.692732597364506,8.648786580510608,11.53980072966185,9.781574822244078,6.216925351781666,16.257595046951835,8.053745285299239e-13,6.879781196328798e-13,9.266332066366444e-13,0.3146150706161877,0.30326959262650094,0.299916373339801,0.3238843535843338,0.3238872410710762,0.3238872410710762,0.33,0.33,0.32125222468994263
88,275,12.0,"[1.06927730e+01 8.64867321e+00 1.15392954e+01 9.78132278e+00
 6.21772058e+00 1.62579218e+01 8.05652412e-13 6.88217070e-13
 9.26958903e-13]","[0.31461507 0.30326959 0.29991637 0.32388435 0.32388724 0.32388724
 0.33       0.33       0.32125222]",0.00027707603292313407,10.692773028534836,8.648673212256677,11.539295430901216,9.781322776900751,6.217720579981498,16.25792178162086,8.056524123567635e-13,6.882170697037865e-13,9.269589025229082e-13,0.3146150706161877,0.30326959262650094,0.299916373339801,0.3238843535843338,0.3238872410710762,0.3238872410710762,0.33,0.33,0.32125222468994263
89,275,12.5,"[1.06934792e+01 8.64969484e+00 1.15409709e+01 9.78223289e+00
 6.21497034e+00 1.62318767e+01 7.89792135e-13 6.74750710e-13
 9.08936619e-13]","[0.31461592 0.30327096 0.29989983 0.32388469 0.32388758 0.32388758
 0.33       0.33       0.31125326]",0.0002118816722353231,10.69347915756773,8.649694840629119,11.54097094293019,9.782232885680399,6.214970342667296,16.231876669504118,7.897921353508267e-13,6.747507104820118e-13,9.089366194228566e-13,0.31461591989898197,0.3032709595286092,0.2998998310556624,0.3238846911818064,0.32388757850915306,0.32388757850915306,0.33,0.33,0.3112532596094151
90,275,13.0,"[1.06934972e+01 8.64917769e+00 1.15402164e+01 9.78241738e+00
 6.21578138e+00 1.62323279e+01 7.89449739e-13 6.74458079e-13
 9.08542408e-13]","[0.31461592 0.30327096 0.29989983 0.32388469 0.32388758 0.32388758
 0.33       0.33       0.31125326]",0.00014668731154751215,10.693497218037011,8.64917768768252,11.540216359454483,9.782417375038285,6.215781381537982,16.23232787117933,7.89449738534189e-13,6.744580787723028e-13,9.085424075463388e-13,0.31461591989898197,0.3032709595286092,0.2998998310556624,0.3238846911818064,0.32388757850915306,0.32388757850915306,0.33,0.33,0.3112532596094151
91,275,13.5,"[1.06930921e+01 8.65036770e+00 1.15414673e+01 9.78129349e+00
 6.21650178e+00 1.62587991e+01 1.13593305e-12 9.71018743e-13
 1.30929467e-12]","[0.31461592 0.30327094 0.29989981 0.32388469 0.32388758 0.32388758
 0.33       0.33       0.32125326]",0.00013853801646151703,10.69309213277593,8.650367704552457,11.541467271030701,9.781293487840715,6.216501783376186,16.258799100919926,1.1359330468821316e-12,9.710187428042195e-13,1.3092946698133443e-12,0.31461592113576564,0.3032709351475236,0.2998998069455944,0.3238846916734389,0.3238875790005535,0.3238875790005535,0.33,0.33,0.3212532603125982
92,275,14.0,"[1.06935272e+01 8.64965400e+00 1.15399830e+01 9.78118353e+00
 6.21673130e+00 1.62594406e+01 1.13885103e-12 9.73560853e-13
 1.31291580e-12]","[0.31461592 0.30327094 0.29989981 0.32388469 0.32388758 0.32388758
 0.33       0.33       0.32125326]",0.0001303887213755219,10.693527171721392,8.64965400209355,11.53998298958235,9.781183534396696,6.216731303104253,16.25944063879968,1.1388510315920343e-12,9.735608532948468e-13,1.3129157998601493e-12,0.31461592113576564,0.3032709351475236,0.2998998069455944,0.3238846916734389,0.3238875790005535,0.3238875790005535,0.33,0.33,0.3212532603125982
93,275,14.5,"[1.06900306e+01 8.64742054e+00 1.15365285e+01 9.77898893e+00
 6.21253078e+00 1.62265281e+01 1.16002139e-12 9.91672713e-13
 1.33732443e-12]","[0.31461674 0.30327225 0.29988389 0.32388502 0.3238879  0.3238879
 0.33       0.33       0.31125426]",7.334365577373645e-05,10.690030596074513,8.647420538058443,11.536528542763484,9.77898892539581,6.212530777282576,16.22652813136618,1.1600213911844453e-12,9.916727133320907e-13,1.3373244277825351e-12,0.31461673846508,0.3032722501532144,0.2998838874791546,0.3238850165691188,0.32388790374283466,0.32388790374283466,0.33,0.33,0.31125425629422504
94,275,15.0,"[1.06900306e+01 8.64742052e+00 1.15365285e+01 9.77898890e+00
 6.21253076e+00 1.62265281e+01 1.16002139e-12 9.91672712e-13
 1.33732443e-12]","[0.31461674 0.30327225 0.29988389 0.32388502 0.3238879  0.3238879
 0.33       0.33       0.31125426]",1.6298590171951e-05,10.690030572903915,8.647420524499617,11.536528522168757,9.77898890419989,6.212530764674875,16.226528139545167,1.1600213891900178e-12,9.916727116379824e-13,1.3373244255339913e-12,0.31461673846508,0.3032722501532144,0.2998838874791546,0.3238850165691188,0.32388790374283466,0.32388790374283466,0.33,0.33,0.31125425629422504
95,275,15.5,"[1.06914430e+01 8.64890296e+00 1.15391973e+01 9.78005413e+00
 6.21711945e+00 1.62603086e+01 1.93804849e-12 1.66431846e-12
 2.25837698e-12]","[0.31461674 0.30327225 0.29988389 0.32388502 0.3238879  0.3238879
 0.33       0.33       0.32125426]",8.1492950859755e-06,10.69144299016187,8.648902957427111,11.53919734538648,9.7800541258201,6.217119447287662,16.26030863375407,1.9380484908240376e-12,1.6643184607325808e-12,2.258376981877957e-12,0.31461673846508,0.3032722501532144,0.2998838874791546,0.3238850165691188,0.32388790374283466,0.32388790374283466,0.33,0.33,0.32125425629422505
96,280,8.0,"[2.47436942 0.         0.         1.8841961  0.         0.
 0.         0.         0.        ]","[0.31461674 0.30327225 0.29988389 0.32388502 0.3238879  0.3238879
 0.33       0.33       0.31125426]",0.0005052562953303974,2.474369418473048,0.0,0.0,1.8841960961356774,0.0,0.0,0.0,0.0,0.0,0.31461673846508,0.3032722501532144,0.2998838874791546,0.3238850165691188,0.32388790374283466,0.32388790374283466,0.33,0.33,0.31125425629422504
97,280,8.5,"[2.47436428 0.         0.         1.88420248 0.         0.
 0.         0.         0.        ]","[0.31461674 0.30327225 0.29988389 0.32388502 0.3238879  0.3238879
 0.33       0.33       0.32125426]",0.0004889577051584572,2.474364278911005,0.0,0.0,1.8842024777537212,0.0,0.0,0.0,0.0,0.0,0.31461673846508,0.3032722501532144,0.2998838874791546,0.3238850165691188,0.32388790374283466,0.32388790374283466,0.33,0.33,0.32125425629422505
98,280,9.0,"[2.47436428 0.         0.         1.88420248 0.         0.
 0.         0.         0.        ]","[0.31516712 0.29242181 0.28915468 0.3241038  0.31229988 0.31229988
 0.33       0.33       0.31192494]",0.000472659114986517,2.474364278911005,0.0,0.0,1.8842024777537212,0.0,0.0,0.0,0.0,0.0,0.3151671190194514,0.29242181061632605,0.28915467639065007,0.3241037977400051,0.31229987973300294,0.31229987973300294,0.33,0.33,0.31192493934732585
99,280,9.5,"[2.53872640e+00 3.27310180e-07 3.61514392e-07 1.88423431e+00
 3.91615498e-07 2.54413036e-07 2.07283379e-10 1.81528121e-10
 2.75827248e-10]","[0.31516712 0.29242181 0.28915468 0.3241038  0.31229988 0.31229988
 0.33       0.33       0.32192494]",0.0006274957216200743,2.538726398690372,3.273101801087184e-07,3.6151439247344717e-07,1.8842343099227354,3.9161549804397566e-07,2.5441303588730625e-07,2.07283378965404e-10,1.8152812128933528e-10,2.758272478201644e-10,0.3151671190194514,0.29242181061632605,0.28915467639065007,0.3241037977400051,0.31229987973300294,0.31229987973300294,0.33,0.33,0.32192493934732586
100,280,10.0,"[2.53872640e+00 3.27310180e-07 3.61514392e-07 1.88423431e+00
 3.91615498e-07 2.54413036e-07 2.07283379e-10 1.81528121e-10
 2.75827248e-10]","[0.31546256 0.28659826 0.28994363 0.32422124 0.30608162 0.31262563
 0.33       0.33       0.31228496]",0.0007823323282536316,2.538726398690372,3.273101801087184e-07,3.6151439247344717e-07,1.8842343099227354,3.9161549804397566e-07,2.5441303588730625e-07,2.07283378965404e-10,1.8152812128933528e-10,2.758272478201644e-10,0.3154625633355364,0.28659825678104706,0.28994363230240494,0.32422123948625037,0.30608161844278653,0.3126256340901463,0.33,0.33,0.31228496205226947
101,280,10.5,"[2.56190668e+00 3.25859558e-07 3.59912179e-07 1.89800758e+00
 3.89879878e-07 2.53285490e-07 2.06364710e-10 1.80723598e-10
 2.74604796e-10]","[0.31546257 0.28659821 0.28994359 0.32422124 0.30608157 0.31262559
 0.33       0.33       0.32228496]",0.0006437943117920146,2.5619066840130604,3.2585955831242976e-07,3.5991217937631764e-07,1.8980075760122466,3.8987987840318623e-07,2.532854904654208e-07,2.0636470974639073e-10,1.807235980407942e-10,2.7460479571810834e-10,0.3154625655261516,0.2865982135941698,0.2899435886114202,0.3242212403570394,0.30608157232000327,0.31262558698125936,0.33,0.33,0.322284963214832
102,280,11.0,"[2.56190668e+00 3.25859558e-07 3.59912179e-07 1.89800758e+00
 3.89879878e-07 2.53285490e-07 2.06364710e-10 1.80723598e-10
 2.74604796e-10]","[0.31546257 0.28659817 0.28994355 0.32422124 0.30608153 0.31262554
 0.33       0.33       0.32228496]",0.0005052562953303974,2.5619066836113045,3.258595582613288e-07,3.5991217931987655e-07,1.8980075757146029,3.8987987834204564e-07,2.532854904257008e-07,2.0636470971402882e-10,1.8072359801245328e-10,2.7460479567504506e-10,0.31546256763073965,0.28659817210327404,0.2899435466362137,0.32422124119363194,0.30608152800849675,0.31262554172237417,0.33,0.33,0.32228496433173986
103,280,11.5,"[2.56190668e+00 3.25859558e-07 3.59912179e-07 1.89800758e+00
 3.89879878e-07 2.53285490e-07 2.06364710e-10 1.80723598e-10
 2.74604796e-10]","[0.31546257 0.28659817 0.28994355 0.32422124 0.30608153 0.31262554
 0.33       0.33       0.32228496]",0.0004319126395566414,2.5619066836113045,3.258595582613288e-07,3.5991217931987655e-07,1.8980075757146029,3.8987987834204564e-07,2.532854904257008e-07,2.0636470971402882e-10,1.8072359801245328e-10,2.7460479567504506e-10,0.31546256763073965,0.28659817210327404,0.2899435466362137,0.32422124119363194,0.30608152800849675,0.31262554172237417,0.33,0.33,0.32228496433173986
104,280,12.0,"[2.56190668e+00 3.25859558e-07 3.59912179e-07 1.89800758e+00
 3.89879878e-07 2.53285490e-07 2.06364710e-10 1.80723598e-10
 2.74604796e-10]","[0.31546257 0.28659817 0.28994355 0.32422124 0.30608153 0.31262554
 0.33       0.33       0.31228496]",0.0003585689837828853,2.5619066831412147,3.2585955820153616e-07,3.599121792538355e-07,1.8980075753663335,3.8987987827050577e-07,2.532854903792249e-07,2.0636470967616253e-10,1.8072359797929191e-10,2.7460479562465725e-10,0.31546256763073965,0.28659817210327404,0.2899435466362137,0.32422124119363194,0.30608152800849675,0.31262554172237417,0.33,0.33,0.31228496433173986
105,280,12.5,"[2.56190668e+00 3.25859558e-07 3.59912179e-07 1.89800758e+00
 3.89879878e-07 2.53285490e-07 2.06364710e-10 1.80723598e-10
 2.74604796e-10]","[0.31546257 0.28659815 0.28994353 0.32422124 0.30608151 0.31262552
 0.33       0.33       0.32228496]",0.00033412109852494997,2.5619066831412147,3.2585955820153616e-07,3.599121792538355e-07,1.8980075753663335,3.8987987827050577e-07,2.532854903792249e-07,2.0636470967616253e-10,1.8072359797929191e-10,2.7460479562465725e-10,0.3154625685017855,0.2865981549310432,0.28994352926353656,0.3242212415398804,0.30608150966887293,0.3126255229906498,0.33,0.33,0.3222849647940051
106,280,13.0,"[2.56190668e+00 3.25859558e-07 3.59912179e-07 1.89800758e+00
 3.89879878e-07 2.53285490e-07 2.06364710e-10 1.80723598e-10
 2.74604796e-10]","[0.31546257 0.28659815 0.28994353 0.32422124 0.30608151 0.31262552
 0.33       0.33       0.32228496]",0.00030967321326701456,2.561906682737193,3.2585955815014693e-07,3.599121791970761e-07,1.898007575067011,3.8987987820902034e-07,2.532854903392809e-07,2.063647096436181e-10,1.8072359795079117e-10,2.746047955813511e-10,0.3154625685017855,0.2865981549310432,0.28994352926353656,0.3242212415398804,0.30608150966887293,0.3126255229906498,0.33,0.33,0.3222849647940051
107,280,13.5,"[2.56190668e+00 3.25859558e-07 3.59912179e-07 1.89800757e+00
 3.89879878e-07 2.53285490e-07 2.06364710e-10 1.80723598e-10
 2.74604796e-10]","[0.31546257 0.28659815 0.28994353 0.32422124 0.30608151 0.31262552
 0.33       0.33       0.31228496]",0.00020373237714936028,2.5619066823290697,3.2585955809823604e-07,3.5991217913974044e-07,1.8980075747646497,3.898798781469107e-07,2.532854902989314e-07,2.0636470961074324e-10,1.8072359792200108e-10,2.746047955376053e-10,0.3154625685017855,0.2865981549310432,0.28994352926353656,0.3242212415398804,0.30608150966887293,0.3126255229906498,0.33,0.33,0.3122849647940051
108,280,14.0,"[2.56190668e+00 3.25859558e-07 3.59912179e-07 1.89800757e+00
 3.89879878e-07 2.53285490e-07 2.06364710e-10 1.80723598e-10
 2.74604795e-10]","[0.31546257 0.28659815 0.28994353 0.32422124 0.30608151 0.31262552
 0.33       0.33       0.32228496]",9.779154103170601e-05,2.5619066819475145,3.2585955804970444e-07,3.5991217908613723e-07,1.8980075744819715,3.898798780888443e-07,2.5328549026120856e-07,2.063647095800085e-10,1.8072359789508516e-10,2.7460479549670725e-10,0.3154625685017855,0.2865981549310432,0.28994352926353656,0.3242212415398804,0.30608150966887293,0.3126255229906498,0.33,0.33,0.3222849647940051
109,280,14.5,"[2.56190668e+00 3.25859558e-07 3.59912179e-07 1.89800757e+00
 3.89879878e-07 2.53285490e-07 2.06364710e-10 1.80723598e-10
 2.74604795e-10]","[0.31546257 0.28659812 0.28994349 0.32422124 0.30608147 0.31262549
 0.33       0.33       0.31228497]",7.334365577377951e-05,2.5619066819475145,3.2585955804970444e-07,3.5991217908613723e-07,1.8980075744819715,3.898798780888443e-07,2.5328549026120856e-07,2.063647095800085e-10,1.8072359789508516e-10,2.7460479549670725e-10,0.31546257024165403,0.2865981206304096,0.289943494562522,0.3242212422314936,0.306081473036433,0.3126254855750094,0.33,0.33,0.3122849669141755
110,280,15.0,"[2.56190668e+00 3.25859558e-07 3.59912179e-07 1.89800757e+00
 3.89879878e-07 2.53285490e-07 2.06364710e-10 1.80723598e-10
 2.74604795e-10]","[0.31546257 0.28659812 0.28994349 0.32422124 0.30608147 0.31262549
 0.33       0.33       0.31228497]",4.8895770515853004e-05,2.5619066815816867,3.2585955800317327e-07,3.599121790347435e-07,1.8980075742109452,3.898798780331713e-07,2.532854902250406e-07,2.0636470955054063e-10,1.807235978692787e-10,2.74604795457495e-10,0.31546257024165403,0.2865981206304096,0.289943494562522,0.3242212422314936,0.306081473036433,0.3126254855750094,0.33,0.33,0.3122849669141755
111,280,15.5,"[2.56190668e+00 3.25859558e-07 3.59912179e-07 1.89800757e+00
 3.89879878e-07 2.53285490e-07 2.06364710e-10 1.80723598e-10
 2.74604795e-10]","[0.31546257 0.28659812 0.28994349 0.32422124 0.30608147 0.31262549
 0.33       0.33       0.32228497]",3.2597180343902e-05,2.5619066815816867,3.2585955800317327e-07,3.599121790347435e-07,1.8980075742109452,3.898798780331713e-07,2.532854902250406e-07,2.0636470955054063e-10,1.807235978692787e-10,2.74604795457495e-10,0.31546257024165403,0.2865981206304096,0.289943494562522,0.3242212422314936,0.306081473036433,0.3126254855750094,0.33,0.33,0.3222849669141755
112,285,8.0,"[5.69353751e-08 5.25749635e-05 1.58542002e-04 7.29808473e-03
 4.05222589e-05 9.27495469e-05 3.35144930e-08 3.04876197e-08
 6.72610088e-08]","[0.31546257 0.28659812 0.28994349 0.32422124 0.30608147 0.31262549
 0.33       0.33       0.31228497]",0.000472659114986517,5.693537513593559e-08,5.2574963504849156e-05,0.00015854200221377055,0.007298084727958439,4.052225892652715e-05,9.274954692359532e-05,3.351449296507752e-08,3.0487619701707024e-08,6.726100877474306e-08,0.31546257024165403,0.2865981206304096,0.289943494562522,0.3242212422314936,0.306081473036433,0.3126254855750094,0.33,0.33,0.3122849669141755
113,285,8.5,"[5.69353751e-08 5.25749635e-05 1.58542002e-04 7.29808473e-03
 4.05222589e-05 9.27495469e-05 3.35144930e-08 3.04876197e-08
 6.72610088e-08]",[0.33  0.297 0.33  0.33  0.297 0.33  0.33  0.33  0.33 ],0.0005297041805883329,5.693537513593559e-08,5.2574963504849156e-05,0.00015854200221377055,0.007298084727958439,4.052225892652715e-05,9.274954692359532e-05,3.351449296507752e-08,3.0487619701707024e-08,6.726100877474306e-08,0.33,0.29700000000000004,0.33,0.33,0.29700000000000004,0.33,0.33,0.33,0.33
114,285,9.0,"[1.39937396e-06 0.00000000e+00 0.00000000e+00 0.00000000e+00
 0.00000000e+00 0.00000000e+00 0.00000000e+00 0.00000000e+00
 0.00000000e+00]",[0.33   0.3003 0.33   0.33   0.2673 0.33   0.33   0.33   0.321 ],0.0005867492461901487,1.399373959685285e-06,0.0,0.0,0.0,0.0,0.0,0.0,0.0,0.0,0.33,0.3003,0.33,0.33,0.26730000000000004,0.33,0.33,0.33,0.321
115,285,9.5,"[0.00409367 0.         0.         0.00203214 0.         0.
 0.         0.         0.        ]",[0.33   0.3003 0.33   0.33   0.2673 0.33   0.33   0.33   0.311 ],0.0005134055904163926,0.004093673435298046,0.0,0.0,0.0020321401101136304,0.0,0.0,0.0,0.0,0.0,0.33,0.3003,0.33,0.33,0.26730000000000004,0.33,0.33,0.33,0.311
116,285,10.0,"[0.00409367 0.         0.         0.00203214 0.         0.
 0.         0.         0.        ]",[0.33   0.3003 0.33   0.33   0.2673 0.33   0.33   0.33   0.321 ],0.0004400619346426365,0.004093673435298046,0.0,0.0,0.0020321401101136304,0.0,0.0,0.0,0.0,0.0,0.33,0.3003,0.33,0.33,0.26730000000000004,0.33,0.33,0.33,0.321
117,285,10.5,"[0.00409362 0.         0.         0.00203211 0.         0.
 0.         0.         0.        ]","[0.33       0.30359872 0.33       0.33       0.28259292 0.33
 0.33       0.33       0.31790575]",0.0005134055904163926,0.00409361943350634,0.0,0.0,0.0020321133030884297,0.0,0.0,0.0,0.0,0.0,0.33,0.30359872070555877,0.33,0.33,0.28259291503314066,0.33,0.33,0.33,0.3179057482492138
118,285,11.0,"[0.00409362 0.         0.         0.00203211 0.         0.
 0.         0.         0.        ]","[0.33       0.30359872 0.33       0.33       0.28259292 0.33
 0.33       0.33       0.32790575]",0.0005867492461901487,0.00409361943350634,0.0,0.0,0.0020321133030884297,0.0,0.0,0.0,0.0,0.0,0.33,0.30359872070555877,0.33,0.33,0.28259291503314066,0.33,0.33,0.33,0.3279057482492138
119,285,11.5,"[0.00409359 0.         0.         0.0020321  0.         0.
 0.         0.         0.        ]","[0.33       0.30461637 0.33       0.33       0.27170019 0.33
 0.33       0.33       0.31837193]",0.0005215548855023877,0.004093593394741468,0.0,0.0,0.0020321003771871945,0.0,0.0,0.0,0.0,0.0,0.33,0.3046163746761231,0.33,0.33,0.27170019244363547,0.33,0.33,0.33,0.3183719288299743
120,285,12.0,"[0.00409359 0.         0.         0.0020321  0.         0.
 0.         0.         0.        ]","[0.33       0.30461637 0.33       0.33       0.27170019 0.33
 0.33       0.33       0.31837193]",0.0004563605248146267,0.004093593394741468,0.0,0.0,0.0020321003771871945,0.0,0.0,0.0,0.0,0.0,0.33,0.3046163746761231,0.33,0.33,0.27170019244363547,0.33,0.33,0.33,0.3183719288299743
121,285,12.5,"[0.00409356 0.         0.         0.00203208 0.         0.
 0.         0.         0.        ]","[0.33       0.30461637 0.33       0.33       0.27170019 0.33
 0.33       0.33       0.32837193]",0.00039116616412681574,0.004093560443335967,0.0,0.0,0.0020320840197825644,0.0,0.0,0.0,0.0,0.0,0.33,0.3046163746761231,0.33,0.33,0.27170019244363547,0.33,0.33,0.33,0.3283719288299743
122,285,13.0,"[0.00409353 0.         0.         0.00203207 0.         0.
 0.         0.         0.        ]","[0.33       0.30461637 0.33       0.33       0.27170019 0.33
 0.33       0.33       0.31837193]",0.0003259718034390048,0.004093527486090031,0.0,0.0,0.0020320676594786846,0.0,0.0,0.0,0.0,0.0,0.33,0.3046163746456615,0.33,0.33,0.2717001924164654,0.33,0.33,0.33,0.3183719288311371
123,285,13.5,"[0.00409349 0.         0.         0.00203205 0.         0.
 0.         0.         0.        ]","[0.33       0.30461637 0.33       0.33       0.27170019 0.33
 0.33       0.33       0.31837193]",0.00028522532800912925,0.0040934943330921915,0.0,0.0,0.002032051202001618,0.0,0.0,0.0,0.0,0.0,0.33,0.3046163746456615,0.33,0.33,0.2717001924164654,0.33,0.33,0.33,0.3183719288311371
124,285,14.0,"[0.00409346 0.         0.         0.00203203 0.         0.
 0.         0.         0.        ]","[0.33       0.30461637 0.33       0.33       0.27170019 0.33
 0.33       0.33       0.32837193]",0.00024447885257925363,0.004093461344797077,0.0,0.0,0.0020320348262846183,0.0,0.0,0.0,0.0,0.0,0.33,0.30461637461519986,0.33,0.33,0.2717001923892954,0.33,0.33,0.33,0.3283719288312999
125,285,14.5,"[0.00409343 0.         0.         0.00203202 0.         0.
 0.         0.         0.        ]","[0.33       0.30461637 0.33       0.33       0.27170019 0.33
 0.33       0.33       0.32837193]",0.00015483660663352883,0.004093428294868818,0.0,0.0,0.0020320184199723143,0.0,0.0,0.0,0.0,0.0,0.33,0.30461637461519986,0.33,0.33,0.2717001923892954,0.33,0.33,0.33,0.3283719288312999
126,285,15.0,"[0.00409343 0.         0.         0.00203202 0.         0.
 0.         0.         0.        ]","[0.33       0.30461637 0.33       0.33       0.27170019 0.33
 0.33       0.33       0.31837193]",6.5194360687804e-05,0.004093428294868818,0.0,0.0,0.0020320184199723143,0.0,0.0,0.0,0.0,0.0,0.33,0.3046163745847382,0.33,0.33,0.27170019236212534,0.33,0.33,0.33,0.3183719288324627
127,285,15.5,"[0.0040934 0.        0.        0.002032  0.        0.        0.
 0.        0.       ]","[0.33       0.30461637 0.33       0.33       0.27170019 0.33
 0.33       0.33       0.31837193]",4.8895770515853004e-05,0.0040933953739342565,0.0,0.0,0.002032002077693761,0.0,0.0,0.0,0.0,0.0,0.33,0.3046163745847382,0.33,0.33,0.27170019236212534,0.33,0.33,0.33,0.3183719288324627
